name,slug,parent,description
Fegyverek,fegyverek,,
Golyós,golyos,Fegyverek,
Ismétlő,ismetlo-golyas,Golyós,
Billenő,billeno-golyas,Golyós,
Alsókulcsos,alsokulcsos-golyas,Golyós,
Félauto,felauto,Golyós,
Egyeneshúzású,egyeneshuzasu,Golyós,
Sörétes,soretes,Fegyverek,
Bock,bock-soretes,Sörétes,
Dupla,dupla-soretes,Sörétes,
Pumpás (előagyszánas),pumpas-eloagyszanas,Sörétes,
Félautomata,felautomata-soretes,Sörétes,
Alsókulcsos,alsokulcsos-soretes,Sörétes,
Drilling 3 csövű,drilling-3-csovu,Sörétes,
Egylövetű,egylovetu,Sörétes,
Kiskaliberű,kiskaliberu,Fegyverek,
Ismétlő,ismetlo-kiskaliberu,Kiskaliberű,
Alsókulcsos,alsokulcsos-kiskaliberu,Kiskaliberű,
Öntöltő (sport),ontolto-sport,Kiskaliberű,
Tradicionális,tradicionalis,Kiskaliberű,
Billenő,billeno-kiskaliberu,Kiskaliberű,
Duplagolyós,duplagolyos,Fegyverek,
Bock,bock-duplagolyos,Duplagolyós,
Dupla,dupla-duplagolyos,Duplagolyós,
Vegyescsövű,vegyescsovu,Fegyverek,
Drilling,drilling,Fegyverek,
Maroklő,maroklo,Fegyverek,
Szekrénytáras,szekrenytaras-maroklo,Maroklő,
Forgótáras,forgotaras-maroklo,Maroklő,
Váltócső,valtocso,Fegyverek,
Golyós,golyas-valtocso,Váltócső,
Duplagolyós,duplagolyos-valtocso,Váltócső,
Sörétes,soretes-valtocso,Váltócső,
Vegyes,vegyes,Váltócső,
Zárfejek,zarfejek,Váltócső,
Alkatrészek,alkatreszek,Fegyverek,
"Choke, Szűkítés",choke-szukites,Alkatrészek,
Tár,tar-alkatresz,Alkatrészek,
Elsütés,elsutes,Alkatrészek,
Irányzék,iranyzek-alkatresz,Alkatrészek,
Oldalpanel,oldalpanel,Alkatrészek,
"Tus, markolat",tus-markolat,Alkatrészek,
Egyéb,egyeb-alkatresz,Alkatrészek,
Elöltöltő,eloltolto,Fegyverek,
Engedélymentes fegyver,engedelymentes-fegyver,,
Önvédelmi eszközök,onvedelmi-eszkozok,Engedélymentes fegyver,
Gázspray,gazspray,Önvédelmi eszközök,
Kubotan,kubotan,Önvédelmi eszközök,
Taktikai toll,taktikai-toll,Önvédelmi eszközök,
Egyéb önvédelmi eszköz,egyeb-onvedelmi-eszkoz,Önvédelmi eszközök,
Airsoft fegyver,airsoft-fegyver,Engedélymentes fegyver,
Rugós airsoft,rugos-airsoft,Airsoft fegyver,
Elektromos airsoft,elektromos-airsoft,Airsoft fegyver,
Gázos airsoft,gazos-airsoft,Airsoft fegyver,
Co2 patronos airsoft,co2-patronos-airsoft,Airsoft fegyver,
Dual power airsoft,dual-power-airsoft,Airsoft fegyver,
Gáz-riasztó pisztoly,gaz-riaszto-pisztoly,Engedélymentes fegyver,
Szekrénytáras gázpisztoly,szekrenytaras-gazpisztoly,Gáz-riasztó pisztoly,
Forgótáras gázpisztoly,forgotaras-gazpisztoly,Gáz-riasztó pisztoly,
Csőletörős gázpisztoly,csoletoros-gazpisztoly,Gáz-riasztó pisztoly,
Légpisztoly,legpisztoly,Engedélymentes fegyver,
Co2 patronos légpisztoly,co2-patronos-legpisztoly,Légpisztoly,
Csőletörős légpisztoly,csoletoros-legpisztoly,Légpisztoly,
Légtartályos légpisztoly,legtartalyos-legpisztoly,Légpisztoly,
Rugós légpisztoly,rugos-legpisztoly,Légpisztoly,
Légpuska,legpuska,Engedélymentes fegyver,
Csőletörős rugós légpuska,csoletoros-rugos-legpuska,Légpuska,
Fix csövű rugós légpuska,fix-csovu-rugos-legpuska,Légpuska,
Co2 patronos légpuska,co2-patronos-legpuska,Légpuska,
Légtartályos (PCP) légpuska,legtartalyos-pcp-legpuska,Légpuska,
Gázrugós légpuska,gazrugos-legpuska,Légpuska,
Gyakorló fegyver,gyakorlo-fegyver,Légpuska,
Gumilövedékes és gyakorló,gumilovedekes-es-gyakorlo,Engedélymentes fegyver,
"Gumi, bors és festéklövők",gumi-bors-es-festeklovok,Gumilövedékes és gyakorló,
Gumilövedékes puska,gumilovedekes-puska,Gumilövedékes és gyakorló,
"Tárak, alkatrészek",tarak-alkatreszek-gumilovedekes,Gumilövedékes és gyakorló,
"Töltény, lövedék",tolteny-lovedek,Engedélymentes fegyver,
Airsoft lövedék 6mmBB,airsoft-lovedek-6mmbb,"Töltény, lövedék",
"AirSoft gáz, szilikon",airsoft-gaz-szilikon,"Töltény, lövedék",
Co2 patron légpisztolyhoz,co2-patron-legpisztolyhoz,"Töltény, lövedék",
Gáz és riasztó töltény,gaz-es-riaszto-tolteny,"Töltény, lövedék",
Jelzőrakéta-tüzijáték riasztó fegyverhez,jelzoraketa-tuzijatek-riaszto-fegyverhez,"Töltény, lövedék",
Léglövedék 4.5 (.177),leglovedek-4-5-177,"Töltény, lövedék",
Léglövedék 5.5 (.22),leglovedek-5-5-22,"Töltény, lövedék",
Léglövedék 4.5 BB,leglovedek-4-5-bb,"Töltény, lövedék",
.43 RAM,43-ram,"Töltény, lövedék",
.68 RAM,68-ram,"Töltény, lövedék",
.50 RAM,50-ram,"Töltény, lövedék",
Gumilövedék,gumilovedek,"Töltény, lövedék",
Léglövedék 6.35 (.25),leglovedek-6-35-25,"Töltény, lövedék",
Léglövedék 7.62 (.30),leglovedek-7-62-30,"Töltény, lövedék",
Kiegészítők,kiegeszitok-tolteny-lovedek,"Töltény, lövedék",
Tár-tartozék-alkatrész,tar-tartozek-alkatresz,Engedélymentes fegyver,
Alkatrész,alkatresz,Tár-tartozék-alkatrész,
Tartozék,tartozek,Tár-tartozék-alkatrész,
Tárak,tarak,Tár-tartozék-alkatrész,
Csúzli,csuzli,Engedélymentes fegyver,
"Íj, számszeríj, fúvócső",ij-szamszerij-fuvocso,Engedélymentes fegyver,
Íjvessző,ijvesszo,"Íj, számszeríj, fúvócső",
Fúvócső,fuvocso,"Íj, számszeríj, fúvócső",
Nyílpisztoly,nyilpisztoly,"Íj, számszeríj, fúvócső",
Számszeríj/nyílpuska,szamszerij-nyilpuska,"Íj, számszeríj, fúvócső",
Íj,ij,"Íj, számszeríj, fúvócső",
Kiegészítők,kiegeszitok-ij,"Íj, számszeríj, fúvócső",
Darts,darts,"Íj, számszeríj, fúvócső",
"Céltáblák, célok",celtablak-celok,Engedélymentes fegyver,
Kompresszor,kompresszor,Engedélymentes fegyver,
"Modell, makett",modell-makett,Engedélymentes fegyver,
Játék,jatek,Engedélymentes fegyver,
Lőszerek,loszerek,,
Golyós lőszer,golyos-loszer,Lőszerek,
Műanyag hegyű,muanyag-hegyu-golyas-loszer,Golyós lőszer,
Ólom hegyű mag,olom-hegyu-mag,Golyós lőszer,
Ólommentes mag,olommentes-mag-golyas,Golyós lőszer,
Fúrt,furt-golyas,Golyós lőszer,
Teljes köpenyes,teljes-kopenyes-golyas,Golyós lőszer,
Kiskaliberű lőszer,kiskaliberu-loszer,Lőszerek,
Műanyag hegyű,muanyag-hegyu-kiskaliberu,Kiskaliberű lőszer,
Fúrt,furt-kiskaliberu,Kiskaliberű lőszer,
Lekerekített hegyű,lekerekitett-hegyu,Kiskaliberű lőszer,
FMJ teljes köpenyes,fmj-teljes-kopenyes,Kiskaliberű lőszer,
Ólommentes,olommentes,Kiskaliberű lőszer,
Pisztoly lőszer,pisztoly-loszer,Lőszerek,
Teljes köpenyes,teljes-kopenyes-pisztoly,Pisztoly lőszer,
Sport,sport-pisztoly-loszer,Pisztoly lőszer,
Sörétes lőszer,soretes-loszer,Lőszerek,
Sport,sport-soretes-loszer,Sörétes lőszer,
Vadász,vadasz,Sörétes lőszer,
Nagy szemű sörét,nagy-szemu-soret,Sörétes lőszer,
Gyöngygolyó,gyongygolyo,Sörétes lőszer,
Acélsörét,acelsoret,Sörétes lőszer,
Ólommentes mag,olommentes-mag-soretes,Sörétes lőszer,
Rendvédelmi,rendvedelmi,Sörétes lőszer,
Lőszertöltés,loszertoltes,Lőszerek,
Gépek,gepek,Lőszertöltés,
Hüvelyek,huvelyek,Lőszertöltés,
Kenéstechnika,kenestechnika,Lőszertöltés,
Kiegészítők,kiegeszitok-loszertoltes,Lőszertöltés,
Lőpormérők,lopormerok,Lőszertöltés,
Lövedékek,lovedekek,Lőszertöltés,
Matricák,matricak,Lőszertöltés,
Tisztítók,tisztitok,Lőszertöltés,
Csappantyúk,csappantyuk,Lőszertöltés,
Felszerelések,felszerelesek,,
HI-Viz irányzékok,hi-viz-iranyzekok,Felszerelések,
Golyós,golyas-hiviz,HI-Viz irányzékok,
Sörétes,soretes-hiviz,HI-Viz irányzékok,
Pisztoly,pisztoly-hiviz,HI-Viz irányzékok,
Tusgumi,tusgumi,Felszerelések,
Szíjkengyel,szijkengyel,Felszerelések,
Fegyverszíj,fegyverszij,Felszerelések,
"Lőszertartó, töltényöv",loszertarto-toltenyov,Felszerelések,
Lőszertartó,loszertarto-kategoria,"Lőszertartó, töltényöv",
Töltényöv,toltenyov,"Lőszertartó, töltényöv",
Fegyvertok,fegyvertok,Felszerelések,
Puskatok,puskatok,Fegyvertok,
Fém és műa. fegyverkoffer,fem-es-mua-fegyverkoffer,Fegyvertok,
Pisztolytok,pisztolytok,Fegyvertok,
Tártok,tartok,Fegyvertok,
"Bipod, lőbot",bipod-lobot,Felszerelések,
Bipod,bipod,"Bipod, lőbot",
Lőbot,lobot,"Bipod, lőbot",
Fegyver belövés,fegyver-beloves,Felszerelések,
Lőzsák / fegyvertámasz,lozsak-fegyvertamasz,Fegyver belövés,
Belövő állvány,belovo-allvany,Fegyver belövés,
"Céltábla, lőlap",celtabla-lolap,Fegyver belövés,
Célkamera,celkamera,Fegyver belövés,
Fegyver tárolás,fegyver-tarolas,Felszerelések,
Fegyverszekrény,fegyverszekreny,Fegyver tárolás,
Pisztolykazetta,pisztolykazetta,Fegyver tárolás,
Elsütő billentyű zár,elsuto-billentyu-zar,Fegyver tárolás,
"Tartó, konzol",tarto-konzol,Fegyver tárolás,
Fegyver ápolás,fegyver-apolas,Felszerelések,
"Fegyverolajok, vegyszerek",fegyverolajok-vegyszerek,Fegyver ápolás,
Puffer és páraszívó patronok,puffer-es-paraszivo-patronok,Fegyver ápolás,
Csőkígyók,csokigyok,Fegyver ápolás,
Kefék és pálcák,kefek-es-palcak,Fegyver ápolás,
Készletek,keszletek-apolas,Fegyver ápolás,
Egyéb felszerelések,egyeb-felszereles-apolas,Fegyver ápolás,
Endoszkópok,endoszkopok,Fegyver ápolás,
Tisztító állvány,tisztito-allvany,Fegyver ápolás,
"Termosz, kulacs",termosz-kulacs,Felszerelések,
"Iránytű, tájoló",iranytu-tajolo,Felszerelések,
Hasznos dolgok,hasznos-dolgok,Felszerelések,
Védőfelszerelések,vedofelszerelesek,Felszerelések,
Fülvédő,fulvedo,Védőfelszerelések,
Védőszemüveg,vedoszemuveg,Védőfelszerelések,
Protektorok,protektorok,Védőfelszerelések,
Táska,taska,Felszerelések,
Hátizsák,hatizsak,Táska,
Oldaltáska,oldaltaska,Táska,
Range bag,range-bag,Táska,
"Aggaték, bőrtermékek",aggatek-bortermekek,Felszerelések,
Aggaték,aggatek,"Aggaték, bőrtermékek",
"Pénztárca, bankkártyatartó",penztarca-bankkartyatarto,"Aggaték, bőrtermékek",
"Igazolványtartó, kulcstartó",igazolvanytarto-kulcstarto,"Aggaték, bőrtermékek",
"Lőszertartó, pofadékemelő",loszertarto-pofadekemelo,"Aggaték, bőrtermékek",
"Bicska, tőr, kard",bicska-tor-kard,Felszerelések,
Vadászbicska,vadaszbicska,"Bicska, tőr, kard",
Egykezes bicska,egykezes-bicska,"Bicska, tőr, kard",
Taktikai bicska,taktikai-bicska,"Bicska, tőr, kard",
Svájci bicska,svajci-bicska,"Bicska, tőr, kard",
"Vadászkés, vadásztőr",vadaszkes-vadasztor,"Bicska, tőr, kard",
"Taktikai kés, taktikai tőr",taktikai-kes-taktikai-tor,"Bicska, tőr, kard",
Dobótőr,dobotor,"Bicska, tőr, kard",
"Kard, pajzs",kard-pajzs,"Bicska, tőr, kard",
Késélező,keselezo,"Bicska, tőr, kard",
Konyhakés,konyhakes,"Bicska, tőr, kard",
"Machete, bozótvágó",machete-bozotvago,"Bicska, tőr, kard",
Multiszerszám,multiszerszam,"Bicska, tőr, kard",
"Tok, késlánc",tok-keslanc,"Bicska, tőr, kard",
"Taktikai ásó, taktikai fejsze",taktikai-aso-taktikai-fejsze,"Bicska, tőr, kard",
"Könyv, ajándék, agancs termék",konyv-ajandek-agancs-termek,Felszerelések,
Könyv,konyv,"Könyv, ajándék, agancs termék",
Agancs termék,agancs-termek,"Könyv, ajándék, agancs termék",
Artina ón termékek,artina-on-termekek,"Könyv, ajándék, agancs termék",
Kitűző,kituzo,"Könyv, ajándék, agancs termék",
Üveg és kerámia termékek,uveg-es-keramia-termekek,"Könyv, ajándék, agancs termék",
Kulcstartó,kulcstarto-ajandek,"Könyv, ajándék, agancs termék",
Egyéb,egyeb-ajandek,"Könyv, ajándék, agancs termék",
"Ruházat, lábbeli",ruhazat-labbeli,Felszerelések,
"Kalap, sapka, maszk",kalap-sapka-maszk,"Ruházat, lábbeli",
Kesztyű,kesztyu,"Ruházat, lábbeli",
Zokni,zokni,"Ruházat, lábbeli",
Öv,ov,"Ruházat, lábbeli",
Gumicsizma,gumicsizma,"Ruházat, lábbeli",
"Bakancs, félcipő",bakancs-felcipo,"Ruházat, lábbeli",
"Ing, póló",ing-polo,"Ruházat, lábbeli",
Pulóver,pulover,"Ruházat, lábbeli",
Kabát,kabat,"Ruházat, lábbeli",
Mellény,melleny,"Ruházat, lábbeli",
Nadrág,nadrag,"Ruházat, lábbeli",
Zubbony,zubbony,"Ruházat, lábbeli",
Szúnyogriasztó,szunyogriaszto,Felszerelések,
Koronglövészet,korongloveszet,Felszerelések,
Vadászati kiegészítők,vadaszati-kiegeszitok,Felszerelések,
Vadászkutya felszerelés,vadaszkutya-felszereles,Felszerelések,
"Vadhívás, lesvadászat",vadhivas-lesvadaszat,,
Lámpák,lampak,"Vadhívás, lesvadászat",
Fegyverlámpa,fegyverlampa,Lámpák,
Kézi reflektor,kezi-reflektor,Lámpák,
Elem- és akkuslámpa,elem-es-akkuslampa,Lámpák,
Fejlámpa,fejlampa,Lámpák,
Vérkereső lámpa,verkereso-lampa,Lámpák,
"Akkumulátorok, izzók",akkumulatorok-izzok,Lámpák,
"Tartozékok, kiegészítők",tartozekok-kiegeszitok-lampak,Lámpák,
"Csalisíp, Kürt",csalisip-kurt,"Vadhívás, lesvadászat",
Illatanyag,illatanyag,"Vadhívás, lesvadászat",
Vadetető csali,vadeteto-csali,"Vadhívás, lesvadászat",
Vadászszék,vadaszszek,"Vadhívás, lesvadászat",
Élvefogó csapda,elvefogo-csapda,"Vadhívás, lesvadászat",
Elektromos hívó,elektromos-hivo,"Vadhívás, lesvadászat",
Vadetetők,vadetetok,"Vadhívás, lesvadászat",
"Mobil les, vadkár les",mobil-les-vadkar-les,"Vadhívás, lesvadászat",
Lessátor/Vadászsátor,lessator-vadaszsator,"Vadhívás, lesvadászat",
Hangtompítók,hangtompitok,,
A-Tec,a-tec,Hangtompítók,
1/2-20,1-2-20,A-Tec,
1/2-28,1-2-28,A-Tec,
5/8-24,5-8-24,A-Tec,
"Adapterek, kiegészítők, csőszájfékek",adapterek-kiegeszitok-csoszajfekek,A-Tec,
Gyorsoldású (A-Lock),gyorsoldasu-a-lock,A-Tec,
M14x1,m14x1,A-Tec,
M15x1,m15x1,A-Tec,
M16x1,m16x1,A-Tec,
M17x1,m17x1,A-Tec,
Pisztoly és karabély hangtompítók,pisztoly-es-karabely-hangtompitok,A-Tec,
Sörétes hangtompító 12ga,soretes-hangtompito-12ga,A-Tec,
M18x1,m18x1,A-Tec,
Hausken,hausken,Hangtompítók,
Hangtompítók,hangtompitok-hausken,Hausken,
Kiegészítők,kiegeszitok-hausken,Hausken,
Menetváltó,menetvalto,Hausken,
Steyr,steyr,Hangtompítók,
Merkel,merkel,Hangtompítók,
Umarex,umarex,Hangtompítók,
Lőtér,loter,,
Élménylövész csomagok,elmenylovesz-csomagok,Lőtér,
Egyéni csomagok,egyeni-csomagok,Élménylövész csomagok,
Csoportos csomagok,csoportos-csomagok,Élménylövész csomagok,
Lőtér bérletek,loter-berletek,Lőtér,
Lőtér foglalás,loter-foglalas,Lőtér,
Egyéni foglalás,egyeni-foglalas,Lőtér foglalás,
Lőtér bérlés,loter-berles,Lőtér foglalás,
Optika,optika,,
Vadkamera,vadkamera,Optika,
Céltávcső,celtavcso-optika,Optika,
32mm objektívig,32mm-objektivig,Céltávcső,
33-42mm objektív,33-42mm-objektiv,Céltávcső,
43-50mm objektív,43-50mm-objektiv,Céltávcső,
51mm objektívtől,51mm-objektivtol,Céltávcső,
Távolságmérő,tavolsagmero,Optika,
Hidegbelövő,hidegbelovo,Optika,
Éjjellátó,ejjellato,Optika,
Céltávcső,celtavcso-ejjellato,Éjjellátó,
"Előtét, mögétét",elotet-mogetet,Éjjellátó,
"Infravető, kiegészítő",infraveto-kiegeszito,Éjjellátó,
Hőkamera,hokamera,Optika,
Céltávcső,celtavcso-hokamera,Hőkamera,
Kézi kereső,kezi-kereso,Hőkamera,
Előtét,elotet-hokamera,Hőkamera,
"Szerelék, kiegészítő",szerelak-kiegeszito-hokamera,Hőkamera,
"Távcső alkatrészek, kiegészítők",tavcso-alkatreszek-kiegeszitok,Optika,
Lencsevédő kupak,lencsevedo-kupak,"Távcső alkatrészek, kiegészítők",
Árnyékoló,arnyekolo,"Távcső alkatrészek, kiegészítők",
"Távcsőszíj, adapter, tok",tavcsoszij-adapter-tok,"Távcső alkatrészek, kiegészítők",
Lencsetisztító,lencsetisztito,"Távcső alkatrészek, kiegészítők",
Távcső alkatrész,tavcso-alkatresz,"Távcső alkatrészek, kiegészítők",
Spektív,spektiv,Optika,
Keresőtávcső,keresotavcso,Optika,
Távcsőszerelékek,tavcsoszerelekek,Optika,
Weaver / Picatinny sínre,weaver-picatinny-sinre,Távcsőszerelékek,
"Kispuska, légpuska távcsőszerelék 9-11mm",kispuska-legpuska-tavcsoszerelek-9-11mm,Távcsőszerelékek,
Sínek,sinek,Távcsőszerelékek,
Kiegészítők,kiegeszitok-tavcsoszerelak,Távcsőszerelékek,
Fegyvertípushoz,fegyvertipushoz,Távcsőszerelékek,
Red Dot / Piros pont irányzék,red-dot-piros-pont-iranyzek,Optika,
Csillagásztávcső,csillagasztavcso,Optika,
Akciókamera,akciokamera,Optika,
Sportlétesítmény korszerűsítése,sportletesitmeny-korszerusitese,,
